,precision,recall,f1-score,support
0,1.0,1.0,1.0,1.0
2,1.0,1.0,1.0,1.0
4,1.0,1.0,1.0,1.0
7,0.0,0.0,0.0,0.0
8,0.0,0.0,0.0,1.0
11,1.0,1.0,1.0,1.0
accuracy,0.8,0.8,0.8,0.8
macro avg,0.6666666666666666,0.6666666666666666,0.6666666666666666,5.0
weighted avg,0.8,0.8,0.8,5.0
